{"cameraMode":{"drawMode":0,"name":"Shaded","section":"Shading Mode"},"sceneLighting":false,"audioPlay":false,"sceneViewState":{"showFog":true,"showMaterialUpdate":false,"showSkybox":false,"showFlares":true,"showImageEffects":true,"showParticleSystems":true},"in2DMode":false,"pivot":{"x":-0.6802409887313843,"y":1.432257890701294,"z":7.952968120574951},"rotation":{"x":0.0019090186106041074,"y":0.9969658255577087,"z":0.02592695876955986,"w":-0.07340916246175766},"size":0.8660256862640381,"orthographic":false}