{"cameraMode":{"drawMode":0,"name":"Shaded","section":"Shading Mode"},"sceneLighting":true,"audioPlay":false,"sceneViewState":{"showFog":true,"showMaterialUpdate":false,"showSkybox":true,"showFlares":true,"showImageEffects":true,"showParticleSystems":true},"in2DMode":false,"pivot":{"x":1.4154119491577149,"y":0.4597052335739136,"z":2.139241933822632},"rotation":{"x":0.07944745570421219,"y":-0.6925649642944336,"z":0.0771920457482338,"w":0.7128008008003235},"size":4.155729293823242,"orthographic":false}