{"cameraMode":{"drawMode":0,"name":"Shaded","section":"Shading Mode"},"sceneLighting":false,"audioPlay":false,"sceneViewState":{"showFog":true,"showMaterialUpdate":false,"showSkybox":false,"showFlares":true,"showImageEffects":true,"showParticleSystems":true},"in2DMode":false,"pivot":{"x":0.0,"y":0.3813908100128174,"z":-0.787045955657959},"rotation":{"x":-0.052280694246292117,"y":0.014576073735952378,"z":-0.0007641337579116225,"w":-0.9985417127609253},"size":6.144757270812988,"orthographic":false}