{"cameraMode":{"drawMode":0,"name":"Shaded","section":"Shading Mode"},"sceneLighting":false,"audioPlay":false,"sceneViewState":{"showFog":true,"showMaterialUpdate":false,"showSkybox":false,"showFlares":true,"showImageEffects":true,"showParticleSystems":true},"in2DMode":false,"pivot":{"x":0.07656866312026978,"y":9.247220993041993,"z":1.9765625},"rotation":{"x":0.36487632989883425,"y":0.0013965759426355363,"z":-0.0005473113851621747,"w":0.9310559630393982},"size":0.8660253882408142,"orthographic":true}